John,joe.hunter.dev+john@gmail.com, Selector
Dave,joe.hunter.dev+dave@gmail.com, Selector
Owen,joe.hunter.dev+owen@gmail.com, MC
Michael Rum,joe.hunter.dev+m@gmail.com, MC
Cassandra,joe.hunter.dev+cas@gmail.com, Teacher
Bobby,joe.hunter.dev+alj@gmail.com, Teacher
Marshall,joe.hunter.dev+marshal@gmail.com, Infant
Steven,joe.hunter.dev+steven@gmail.com, Teacher
Brie,joe.hunter.dev+brie@gmail.com, Teacher